abc000123@xyz.com,A,S,Abc@1234,1,January ,2021,Abc Road,Pune,Alabama,12345,United States,1234567890,Same
abc000213@xyz.com,A,S,Abc@1235,2,January ,2022,Abc Road,Pune,Alabama,12346,United States,1234567891,Same
abc000324@xyz.com,A,S,Abc@1236,3,January ,2023,Abc Road,Pune,Alabama,12347,United States,1234567892,Same
abc000434@xyz.com,A,S,Abc@1237,4,January ,2024,Abc Road,Pune,Alabama,12348,United States,1234567893,Same
abc000544@xyz.com,A,S,Abc@1238,5,January ,2025,Abc Road,Pune,Alabama,12349,United States,1234567894,Same
abc000654@xyz.com,A,S,Abc@1239,6,January ,2026,Abc Road,Pune,Alabama,12350,United States,1234567895,Same
abc000765@xyz.com,A,S,Abc@1240,7,January ,2027,Abc Road,Pune,Alabama,12351,United States,1234567896,Same
abc000875@xyz.com,A,S,Abc@1241,8,January ,2028,Abc Road,Pune,Alabama,12352,United States,1234567897,Same
abc000986@xyz.com,A,S,Abc@1242,9,January ,2029,Abc Road,Pune,Alabama,12353,United States,1234567898,Same
abc001196@xyz.com,A,S,Abc@1243,10,January ,2030,Abc Road,Pune,Alabama,12354,United States,1234567899,Same
