abc00001@xyz.com,A,S,Abc@1234,1,January ,2021,Abc Road,Pune,Alabama,1234,United States,1234567890,Same
abc00002@xyz.com,A,S,Abc@1235,2,January ,2022,Abc Road,Pune,Alabama,1235,United States,1234567891,Same
abc00003@xyz.com,A,S,Abc@1236,3,January ,2023,Abc Road,Pune,Alabama,1236,United States,1234567892,Same
abc00004@xyz.com,A,S,Abc@1237,4,January ,2024,Abc Road,Pune,Alabama,1237,United States,1234567893,Same
abc00005@xyz.com,A,S,Abc@1238,5,January ,2025,Abc Road,Pune,Alabama,1238,United States,1234567894,Same
abc00006@xyz.com,A,S,Abc@1239,6,January ,2026,Abc Road,Pune,Alabama,1239,United States,1234567895,Same
abc00007@xyz.com,A,S,Abc@1240,7,January ,2027,Abc Road,Pune,Alabama,1240,United States,1234567896,Same
abc00008@xyz.com,A,S,Abc@1241,8,January ,2028,Abc Road,Pune,Alabama,1241,United States,1234567897,Same
abc00009@xyz.com,A,S,Abc@1242,9,January ,2029,Abc Road,Pune,Alabama,1242,United States,1234567898,Same
abc00010@xyz.com,A,S,Abc@1243,10,January ,2030,Abc Road,Pune,Alabama,1243,United States,1234567899,Same
